,IgG.Gst.SM25,IgG.MEG,IgG.CD63,IgG.Calumenin,IgG1.SEA,IgG1.Gst.SM25,IgG1.MEG,IgG1.CD63,IgG1.Calumenin,IgG2.SEA,IgG2.Gst.SM25,IgG2.MEG,IgG2.CD63,IgG2.Calumenin,IgG3.SEA,IgG3.Gst.SM25,IgG3.MEG,IgG3.CD63,IgG3.Calumenin,IgG4.SEA,IgG4.CD63,IgA.SEA,IgA.Gst.SM25,IgA.MEG,IgA.CD63,IgA.Calumenin,IgA1.SEA,IgA1.Gst.SM25,IgA1.MEG,IgA1.CD63,IgA1.Calumenin,IgA2.SEA,IgA2.Gst.SM25,IgA2.MEG,IgA2.CD63,IgA2.Calumenin,IgM.SEA,IgM.Gst.SM25,IgM.MEG,IgM.CD63,IgM.Calumenin,FcREpsilonI.SEA,FcR1.SEA,FcR1.Gst.SM25,FcR1.MEG,FcR1.CD63,FcR1.Calumenin,FcR2A.SEA,FcR2A.Gst.SM25,FcR2A.MEG,FcR2A.CD63,FcR2A.Calumenin,FcRIIB.SEA,FcRIIB.Gst.SM25,FcRIIB.MEG,FcRIIB.CD63,FcRIIB.Calumenin,FcRIIIA.SEA,FcRIIIA.Gst.SM25,FcRIIIA.MEG,FcRIIIA.CD63,FcRIIIA.Calumenin,FcR3B.SEA,FcR3B.Gst.SM25,FcR3B.Calumenin,RCA.SEA,RCA.Gst.SM25,RCA.MEG,RCA.CD63,RCA.Calumenin,SNA.SEA,SNA.Gst.SM25,SNA.MEG,SNA.CD63,SNA.Calumenin
1,14939,1116,2226.5,964,866.5,15876,314,509,343.5,463.5,78,185,818,49.5,354.5,136,78,93,61.5,1881,1088,805,844.5,1013,6857,516.5,135,65,67,85,92,114.5,73.5,66,77,51,3378.75,2414,1950.25,3899.25,1162.75,104.75,1358,2084,112,333,362,840.25,1261,123.5,154,805,2048.25,6814.25,62.25,83.75,85.75,1027.75,3288.75,66.5,119,101.5,134.5,1647,66,461.75,229.25,162.5,267.25,187.25,242.25,130.5,282.5,160.5,300
2,3739,3655.5,1866.5,1978,1419,630,239,176,292,1024,97.5,191,500,86,998.5,76,79,125,111,1481,1083,1539.5,676.5,1194.5,6808.5,1638.5,112.5,54.5,62,99,65,273.5,88.5,138,268.5,90,6062.75,2965.25,2652.75,4733.5,1628.75,83.5,1271,234,167.5,185,317,3162.75,111,188.25,167.25,156,5480.75,177.5,214.25,138.75,227.5,2922.5,115.5,102.5,92,148.75,709.5,48,75,463.25,265,226,287,171,178.75,203,332.75,139.75,342.5
3,4470.75,7733,6698.25,3553,6650,1473,1168,1055,613,944,295.5,358.5,3536,227,11623.5,103,72,94,108,6924.5,4759.75,677,557,1309.5,6499.5,848.5,231,90,70,123,90,353,103,84,201.5,95,2071.25,628.5,762.25,2117,719.5,265.25,3593,545,425,698,641.5,3105.5,224,340,428,3152.5,9316.5,445.5,513,372.25,333.75,4935.5,227.5,128.75,197.25,146.25,1584,65,66,309.25,93,98.5,169.5,141.5,115,85,225,102.25,203.5
4,642.75,1039.25,2900.5,724,11017,155.5,184,140,193,2419,53,502,2283,41,864,60.5,47,54,53,156,90.5,2735,1021,355,774.75,317,501,90.5,62,81,85.5,224,57,54.5,58,51,9305.5,895,1829,4162,416.75,73.5,3765,108,83.5,256.5,334.5,5939.75,74.25,96,124.5,110,5549,97,54.25,48.5,117,4046,69.5,51.5,56,96.75,3621,75,95,558.25,117.75,133.5,290.5,97.25,123,201.25,848,159,472.5
5,14098.5,1424,11231.25,1530,2694.5,3043,203,1299.5,260,390,204,140,1016.5,52,14180,205,88,207.5,79,3849.5,1937.5,592,985.5,752,2383,432.5,104,69,60,82.5,65,123,91.5,71,99,67.5,3073.5,3141.5,912,3075.25,583.25,66.5,3219,1967.5,114.5,619,469,1891.25,1178,153.25,642,1912,7183.5,6828,225.75,992.25,160,3830.5,4751.75,180.75,856.75,122,3175,3692,106,399.75,280.75,95.5,205.25,103.5,431.25,89,361.25,114.25,261
6,20340.75,1300.5,895.75,1857,4897,20717.5,155,131,318,220,48,56,82,32.5,3042,870,191,69,269,209.75,106.25,1254.75,997.75,2139.5,1462,640.25,381,125,185,165,129.5,647,131,154.5,130,142,8431.75,878.5,980.75,3515.5,561.25,56.5,2288,2441,106,234,233,3992.5,1935.5,69.25,88.75,228.75,6574.5,11694.5,81,98.25,327,5461.5,4334.75,84.5,141.25,314.5,3132,4452,187.5,442.5,89.25,77,177,94.25,154,135,311.25,212,483.25
7,5652,863.5,696.25,1615,1238,64,41,41,56,926,52,49,49.5,51,601,192,156,154,93,2673.5,1260,582.75,771,304,524,316,201,94,62,73,73.5,336,63.5,62,64.5,57.5,7606.5,868.75,1940.5,2714.75,398.75,65.5,2680.5,571,89,179,293,2892,316.5,129.5,179.5,3060.75,4568,673.5,61.25,92.25,269.5,4284,611,76.5,160,325.5,1417,284,143,539.5,113.5,167.25,223.25,110,97.25,166.75,255.25,184.5,482.5
8,12165,554.75,977.5,753,3007,12462.5,318,456.5,328,347.5,52,36,112,45,661,129,88,64,83,768.25,421.25,1026.5,657.25,718.25,1509,865.25,194.5,97.5,72,101,82.5,116,108,70,103,87.5,4683.5,3019.75,2025,5819.5,1419,60.5,2735,4435,105.5,250,324,4061.5,3578.75,64.75,149,206.75,4649.75,7001.5,49.5,76,168,3670.5,4171,63.5,152.25,183.5,2148,4538.5,113.5,452,339,161,326.5,189,834,257.5,478.5,357.25,438
9,8724.75,2241.5,1958.5,3178.25,4610.5,8740,1281,955,2430,363,68,123.5,141,41,1450,278.5,244,871,196.5,2671.75,1404.25,745.5,511.75,584.5,1565.5,452.5,274,124,120,120,123,109,57,74,69,66,5886.5,1985.75,1286.75,2987.75,748.25,125.25,2484,974,137,431,466,1491.25,305.25,111.5,317.5,1616.5,3248.5,1007,74,158.25,291.75,2009.25,840.25,102.5,340.5,298,613,436,137,532,209.5,126.5,234,142.5,133.5,125.25,210,137.75,461.5
10,9616.5,4688,1728.25,5536.75,3008,485.5,230,126.5,636,1901.5,72,67,67,70,173,111,159,73.5,70,5143.5,3356,2491.5,914.5,537.25,1563.25,493.5,682.5,166.5,90,139,132,302.5,121,74,84,75.5,5887.5,8128.25,2271.5,8514.75,3821.25,121.75,4548,1528,451,441,838,7107.25,1741.5,192.75,289,1467.25,5029.25,3259.25,673.5,305,3082.25,3646.5,1633,184,227.5,1192,835.5,791,469.5,599,625.5,204.5,517.5,330.25,382,170,361.5,242.5,414
11,19090.25,790,1814.5,4041.25,485.5,958,50,56.5,126,690,68,63.5,1188,53,14475,402,114,92,6080.5,101,66,820.75,968.5,1432,1590.5,347.75,548.5,240.5,304,159,130,714,132.5,487,220,115,12092.75,3034.25,1118,2982,2064.75,69.75,6136.5,7454.5,95.5,254,477,3634.5,3270,107.5,234.5,4014.25,9564.75,7305.25,54.5,89,2558.25,7317.25,8507.5,64.5,169.75,1230.5,5064.5,6275,757,838,469.5,129.75,313,284,661,70.75,127.5,136.25,704.75
12,19623,2547.5,2946.75,4405.75,1001.5,2168.5,370,226,585,640.5,248,234,494,191,2320,556,197,174,1746,4366.5,2046,850,804.5,993.5,3971.75,504.5,279,110.5,94,155.5,111.5,245,124,196,302.5,74,13987.75,1942,4433.5,2767.75,1014,104,1851,2855,128,386,318,4014,2241.5,128,294.5,420.5,2845,3732.75,64,98.5,352.25,1745.25,3258.25,75.75,271.5,476.75,165,1099,132,632,214.25,223.25,181.5,139,207.5,310.5,283.5,191.5,633
13,4828.25,2004.5,1375.5,3509,2014,8199.5,1703,1515,6699,479,133,134.5,336.5,200,884.5,297,202,116,152,6930.25,3671.5,838,388.25,999,3094.25,974.5,145.5,55,61,80,86,165,65.5,99,116,79,3502.25,705.25,1020.75,1472.5,205.5,267.5,2625.5,950,253,463,737,1198.5,111,114,94.5,1437,4126.25,958.75,159,260,3328,1094.5,458.25,98.75,183.25,1492.5,119,151.5,777,372.75,64.75,69.25,108,89.5,71.25,86.5,207.25,138.75,364
14,1491,734.5,2137.75,1217,2432,1359,383.5,637,414.5,678.5,52.5,73,674,42,1307,440.5,270,218.5,2426,3153,1703,856.75,442,1154.5,4291.5,1187.75,73,45,63,72,55,68.5,43,92,120,50,2565.5,915.75,2929,3480.25,469,73.5,1763,285,123.5,375.5,465,921.25,44,46.5,60.75,94.5,2623.25,102.25,47.25,60.5,284.75,763.75,106.5,49.5,81.5,177.25,143,37,75,397,96,203.75,230.5,109.25,71,145.25,214.5,111.5,211
15,10446.25,3079,7847,2388.5,7138,7452,1495,957,880.5,2280,122.5,311,3197,85,1439,4476,45.5,129,58,948,506.5,2691.25,1445,1873.5,16906.75,1221.5,125,85,71,133,72.5,143,92.5,107.5,448.5,59,2609.75,1996.5,963.5,2798.25,1769.75,66,1919,531,172.5,355,349.5,1392,137.5,141.5,299.5,1378.75,3934,712,204.75,220.5,117.5,1670,337.25,97.5,121.5,89,525,113,51,443.5,186.5,95.5,204.75,166.75,294.75,159.25,429,367.5,571.5
16,12911,3400,2222.25,6300.25,7460,17399,1626.5,997,5234,1410,101.5,118,105,163.5,832,267,94,69,75,1145.75,182.75,218,671.25,528,778,708,844.5,1069,506,141,75,125,94,81,131,75,102.5,82,96.5,4746,1747,4179.25,4746.5,987.5,60.75,119.5,129,138.75,1083.25,77,56,60.25,55,546.5,1659.5,1397,474,507,1714,1415,980,306.25,484.5,3432.25,4102.5,6080,691.75,702.75,8346.75,1385.75,1326,274.5,310.25,2933,1056
17,10645.5,4493.5,4221.25,4375.75,9773,11868.5,1190,2169,1148,669,57,62,323.5,64,2087,210,42,55,54,4228.75,990,1649,2684.75,2344.5,652.5,1963.5,1085.5,3254.5,430,162.5,183.5,120,142,131,209,181.5,165,205,134,5529.5,401.25,1090,1029.5,296.75,113,210.5,222,238.75,2260,160.75,93,97.75,78.75,943.5,1948,935,283,615,785,3338,810.25,194.5,391.5,566.25,6061.5,3826.25,615.5,461.5,1898.25,3278.75,1832.25,339.5,564.5,752,1622
18,20371.25,2190.5,2498.5,1971.5,2919.5,30241,478,380,450.5,4340.5,76,146,515,57,111,73,104,182.5,107,43,41,25,40,38.5,2445.5,1128,1657.5,11467,559.25,239,66,53,70.5,60,160,66,189.5,169,48,7296,1530.5,898.75,3231,944.75,34.5,23.5,33,28,30,60.75,23.5,31,29,31.25,1392,6170.5,100.5,256,445.5,4487.25,5623.75,76.25,89.5,62.75,1573.25,11417.75,52.25,50,46.5,1764.25,9369.25,51,89.5,46.5,121
19,11662.5,3313.5,2574.5,6098.25,7152,9781,1242.5,812.5,4166,103,78,77,357,111,4403.5,158.5,194.5,91,103,495.75,46,30.5,278.5,44.5,848.5,682.5,496,599.75,621.5,207,210,161,166.5,152,222,99.5,105,89.5,102,4448,4143.5,1432,3587,912.75,37.25,24.5,35.25,32.25,41.5,56,28,32.5,30.5,45.5,1908,861.5,195.5,310.5,584.5,1110,440.5,81,117.5,297.5,2905.75,2371.75,117,87.5,1383.75,2016.75,1212.25,105.25,97.5,620.75,2565
20,15043.75,3324.25,2021,2911.75,3716,10400,407,246,592,1231,75,150.5,270,60.5,13386,94,271.5,70,102.5,1759.75,59,33.5,905,68,543.25,443.75,345.5,984,424,58,39,41,45,41,54,46,48,46,39,815.75,544.5,602,1128,431.5,34,22.5,32.25,30,30.25,84.5,23.75,31.25,31.5,30,2351.5,430,123,196,299,1762,302.25,91.25,59,1753,7454,2993.75,81,62.75,138.5,3092.5,934,76.25,58.75,99,3193.5
21,14694,22665,9689,9655.5,14304,16676,19756.5,10067.5,9558,1952.5,152,148,351.5,121.5,1037,125,166,122,364.5,1410,987.5,1937,1082.25,887.75,1489,711.25,918.75,1584.5,585.5,153,64,62,65,66,241.5,112,166,83,87.5,2597,2540.5,3296.25,3713.5,796.25,76,97.5,126.5,82.25,66,139.75,109,130.75,84.5,65.5,7330,2405.5,2709,1531,1540,9186,2455,2665.5,1823.5,2037.25,7237.25,4744.5,5582,2374.5,2861.25,10420,3988,4786.25,2743.75,2962.75,6856
22,18751.75,6891.5,5139.75,4067.5,2762,16642,377,924,957,3436,146.5,418,1596,131,1825,575,1001,189,217,179.5,48.5,41.5,102.5,81.75,1973.5,1450,1293.25,3578.5,1028.75,118,47,51,64.5,50,205,83,82,89.5,66,4307.75,487.5,794,1369.75,267.25,35.5,25.5,36.5,31.5,58.75,76.75,24.75,32.5,29,41.25,4364,2172.5,414.5,1028,1413,1802,766.25,280.75,309,1853.25,4327.25,5678.25,264,141.5,224,2592,2812.75,259.75,202.5,241.5,1256
23,12925.25,3983.25,965.75,1313.5,9963,14905,1096,186,996,1170.5,41.5,59,194,43,2876,3096,2483,81.5,79,53,33.25,24.25,42,28.25,226.5,696.25,354.25,1527.5,193.25,53,48,41,49,45,98,77,66,85.5,46.5,3285.5,2701.75,2858.5,5552,1092.5,34.5,24.5,34,28,30,51.75,24.5,34,27,28,799,563,161,468.5,688,964.75,642.25,95.5,51,60.25,2690,4107.75,160,41.25,59.75,936.25,1148.75,157.25,47,63.5,443
24,11276.5,1129.25,2986.5,755.5,3133,17464,162,195.5,406,805,178,522.5,2251,154,2377,105,62,73.5,72.5,203.5,36.25,24.5,125.5,31,618.5,1305.25,782.25,3349.25,378,109,62.5,50,58,51,131,75,76,88,58,7633,1587.5,1724.5,2968.25,748,32.5,23,34,28.5,29.5,65,23.5,34,28,28.5,910,1078,88.5,345,390.5,912.75,804,225,398.5,872.5,3503.5,7388.75,183.25,335,107,1722,2219,67.75,160.5,83.75,484
25,20146.5,4033,2017.25,2580.5,3398,23773,1460,969,1700.5,171.5,66,97,450.5,50,8428,277,2515,144,146,262.75,45,48,143,48.75,739.5,1633.5,726.75,1789.75,469.75,111,83,71,72,62,144.5,87,71,75,66.5,1765,1197.5,1259,2247,738,35.25,29,42.25,39,105,66,27,38,32.5,81.75,1174,2707,369,384,486,396,1087,160.75,200,415,1819.5,8667,207.75,126.5,158,1562.75,5280,326.25,220.25,208.5,398
26,11162,2610,1292,6181.5,1564,16153,1558,875.5,6283,795,118.5,163,181,128,2059.5,83,42,45,56,542,167.75,170.75,389.5,486,663.75,833.75,734,1138.75,3038.5,77,66,63.5,69,90,70,60,57.5,55,57,2073.5,2357,1760.75,2358.25,1246.5,37.5,39.5,50,45.25,167.75,73.75,31,35.5,33,117,827,2145,315,393,1223.5,299.75,884.25,98.5,96.25,703.5,868.75,4477,281.75,309.5,4480.25,459.5,2139,188.25,203.5,1545.5,161
27,7920,6248.5,3409.5,2750.5,1173,22264,11480.5,5246.5,2925,157,68,206,1433,85,14081.5,178,156,113.5,157.5,2191.5,89.5,110.75,1210.75,102.25,997.25,1062.25,833.75,1534.25,1227.5,183,59,60,66,64,111,143.5,177.5,81,79,436.5,2419.25,776.25,1272.5,676,34.25,23.5,33,28,30.75,84.5,25,31.25,29.5,29.75,5514.5,1134,477,518.5,390,7650.5,1175.5,456.5,462,197,9382,6209.5,2137.5,1057,425,7854.25,2510.25,813,654,285.25,4309
28,15113.5,4066.25,3164.5,6700.5,4377,17126,2147,1604,9397,89,52,139,188,78.5,1984,130,266,82,82,611.75,348.25,409.5,481.75,1175,461,239.75,445,1826.25,196.75,378,70,78.5,98.5,87.5,87,45,129.5,67.5,42,10797,3995,3565,7982,922.5,55,129.25,143.5,139,1179.5,88.75,58.5,60.25,55,522,1391.5,1798.5,542,1024,1799,807,992.5,203.75,238,1914,1566.5,4725,469.25,394.25,5911.25,1657.75,3318.25,414.5,414.5,3554,696.5
29,11020,1386.25,1629.75,2351,2008,15111,649,443,665,553.5,53,79,284,56.5,1735,7794,137,105,86,2002.25,310,316,1199,978.25,327.25,462,239,899.25,210,78,56.5,62,59,51,75.5,52,63,82,54,2617.25,723.25,933,1185.5,1012.5,47.25,48,60.75,56.75,271.5,70.25,31,38.5,32.5,133,1531,2314,154.5,338,424,864.25,929.75,67.5,65.5,60.5,1927,4755,59.25,68,320,555,1706.5,60.75,61.75,76.75,204